System,Queries Evaluated,Precision@10,Recall@10,MAP,nDCG@10
BM25,2992,0.6630681818181818,0.22173760570058745,0.3098201993434459,0.692773596109052
Dense,2992,0.6654411764705882,0.2225821951037468,0.30679538408451146,0.6973883555792404
Hybrid (RRF),2992,0.7214906417112299,0.24132736558573273,0.3501611864505908,0.7473570027269597
"Hybrid + Rerank (top-20, BEST)",2992,0.704812834224599,0.2357393662794271,0.3438024678278896,0.7293644576760905
